{
  "cosine_similarity": 0.3798266351222992,
  "mean_rank": 489.5184049079755,
  "median_rank": 492.5,
  "top_1_accuracy": 0.0,
  "top_5_accuracy": 0.005112474437627812,
  "top_10_accuracy": 0.010224948875255624,
  "mrr": 0.0071434502362705266,
  "nlt_cycle_similarity": 0.35501113533973694,
  "cmt_cycle_similarity": 0.38022732734680176,
  "mean_cycle_similarity": 0.36761923134326935,
  "nlt_geometry_correlation": 0.48538652062416077,
  "cmt_geometry_correlation": 0.5315279364585876,
  "mean_geometry_correlation": 0.5084572285413742
}